F11,F12,F13,F21,F22,F23,F31,F32,F33,P11,P12,P13,P21,P22,P23,P31,P32,P33
1.0,0.0,0.0,0.0,1.0,0.0,0.0,0.0,1.0,0.0,0.0,0.0,0.0,0.0,0.0,0.0,0.0,0.0
0.9845234651179727,0.0,0.0,0.0,1.05,0.0,0.0,0.0,0.9842103367262456,-80.62045449198774,-97.89793522578115,-144.0941650707512,-104.40871713990146,34615.1213935872,-39.18133074098823,-144.04833581856653,-36.726353068503755,-67.30091008425669
1.05,0.0,0.0,0.0,0.9842943376619894,0.0,0.0,0.0,0.9842619278188212,35149.56872793025,-197.47614205599476,482.22438981114215,-185.1187128086208,-73.80656772203113,-33.38039710428122,452.03343576834976,-33.379297988505186,-67.07231599318703
0.9696072488123042,0.0,0.0,0.0,1.1,0.0,0.0,0.0,0.9691590247273375,-312.6748402145411,-185.38304485295072,-288.1892220386994,-210.31335067681832,65946.78128051737,-74.45185098648692,-288.0559996948023,-65.5960757192807,-267.57979830538073
1.1,0.0,0.0,0.0,0.9691750601331961,0.0,0.0,0.0,0.9692562387468925,66968.94812194981,-389.0038026701196,949.90228685674,-342.738894404418,-285.37944060066366,-62.53183443347859,836.9988343052945,-62.537072132878606,-266.2674774510003
0.9868753788818659,0.0,0.0,0.0,0.9866388071841643,0.0,0.0,0.0,1.05,-130.04216542218418,23.369781075961022,259.64990226734284,23.364178921015863,-122.45416059121875,112.41821702437748,276.2581813416023,119.63762930881907,28822.77038814094
0.9741286946151815,0.0,0.0,0.0,0.9736753775490391,0.0,0.0,0.0,1.1,-518.4349383943339,50.126238167659004,488.28375495645406,50.10291159967094,-489.92828759316006,208.59189626444888,551.3769724895216,235.65460438004467,54533.33635866851
0.9552367687827505,0.0,0.0,0.0,1.1500000000000001,0.0,0.0,0.0,0.9548030011379713,-683.1055648580077,-263.44242337129987,-431.05481488986067,-317.15570084583095,94638.07862026927,-105.82558484655729,-430.85907532252185,-87.86311826841042,-597.7919278458702
0.9413967396269456,0.0,0.0,0.0,1.2000000000000002,0.0,0.0,0.0,0.9411009611219872,-1181.1879815015734,-332.969563563089,-571.8185938379168,-424.4368601000738,121168.79088483728,-133.4687659436903,-571.6389335080297,-104.67298659114304,-1054.8703024641572
1.25,0.0,0.0,0.0,0.9271792329907398,0.0,0.0,0.0,0.9281794593095971,148178.30004694167,-923.9577307508421,2267.4981949032244,-685.3395360907477,-1632.965830681085,-134.63650153132667,1683.7161988246303,-134.781745263627,-1622.1160689252413
0.9617499988093066,0.0,0.0,0.0,0.9610960683091747,0.0,0.0,0.0,1.1500000000000001,-1157.7156559384787,80.29561838921099,690.8429247451329,80.24102233622743,-1097.496431519948,289.9345190503777,826.0664044091428,346.9212994435794,77753.36654603515
0.9497304295369724,0.0,0.0,0.0,0.9488896944681382,0.0,0.0,0.0,1.2000000000000002,-2036.8558155443534,113.92401972479824,871.0233523232955,113.82317014097177,-1936.3097636765374,357.985539115773,1100.552314931665,452.7213747217825,98952.55720909088
1.2000000000000002,0.0,0.0,0.0,0.9406346010096026,0.0,0.0,0.0,0.9412564305844636,123054.95521858966,-752.340216682203,1842.1038188586754,-589.731032951944,-1073.6956168236832,-112.38520449260338,1444.9100544207806,-112.459499488616,-1046.9402427086925
1.1500000000000001,0.0,0.0,0.0,0.9546273366753887,0.0,0.0,0.0,0.9549354767868199,96108.71898192458,-574.0261435747482,1403.075350717016,-476.5052596720024,-622.0230491685162,-88.57002976338563,1165.083851308533,-88.59861890785298,-594.0529135878621
1.35,0.0,0.0,0.0,0.9018072269476225,0.0,0.0,0.0,0.9036878611386598,194051.04390344466,-1247.6813301572977,3079.5629890737914,-833.4578077507252,-3056.7887016006935,-176.08770779960764,2061.454585805823,-176.45492215985624,-3133.2711324697293
0.928071467445954,0.0,0.0,0.0,1.25,0.0,0.0,0.0,0.9280135847436416,-1798.6155612162256,-394.7767878728736,-709.8804552015524,-531.7165780337131,145904.35758460787,-157.66317989219155,-709.8361808105027,-117.05085820306675,-1636.3907717359327
0.915244890281533,0.0,0.0,0.0,1.3,0.0,0.0,0.0,0.915503574511007,-2529.463222755169,-449.59998481938186,-844.8412270571088,-638.605018691147,169129.07193270227,-178.76574194442355,-845.0800124403047,-125.8928275001651,-2340.914229571085
0.9029006381622163,0.0,0.0,0.0,1.35,0.0,0.0,0.0,0.903535663369925,-3370.0306586421643,-498.1033799940521,-976.4473541667872,-744.7547765174579,191068.88116484747,-197.17377818412325,-977.1341060170902,-131.965585533885,-3168.0946876384064
1.3,0.0,0.0,0.0,0.9142429882789587,0.0,0.0,0.0,0.9156679568050989,171767.2406723877,-1089.0091852416135,2679.8048790388298,-765.8607782912626,-2294.8694857873943,-155.77657649897438,1887.54727555834,-156.01937488130633,-2317.7629396639113
0.926735508799325,0.0,0.0,0.0,0.9255573302799918,0.0,0.0,0.0,1.3,-4466.777492733017,191.6180210595606,1175.1147791745457,191.37441300290973,-4267.466611820932,460.37861897982117,1648.419854879772,646.6289932496475,136652.55856495144
0.9157436311668545,0.0,0.0,0.0,0.9144135507808511,0.0,0.0,0.0,1.35,-5995.376621162195,235.65211387694353,1303.1912515887166,235.3098387642166,-5741.029011242738,497.5704091218326,1921.1798256276409,734.5910958349973,153659.9577462655
0.9380616569935839,0.0,0.0,0.0,0.9370464674172244,0.0,0.0,0.0,1.25,-3143.772083952556,151.0328153262426,1031.6852787768478,150.86936451395943,-2996.258122929485,414.30088027796825,1374.756753840838,552.6685371056083,118491.63717665918
0.8910220464191684,0.0,0.0,0.0,1.4000000000000001,0.0,0.0,0.0,0.8920766578062583,-4318.76848138334,-540.884595007841,-1104.5515499175165,-849.8537562052112,211907.2946906,-213.30128541074384,-1105.8588942720705,-135.91506985356824,-4118.685005330138
1.4000000000000001,0.0,0.0,0.0,0.8898530940401052,0.0,0.0,0.0,0.8922073119733511,215215.86793096692,-1400.1805168508276,3467.297839861314,-889.9678322388395,-3918.3229815799955,-195.71206881190227,2209.6774896526144,-196.22984962902117,-4069.329578705086
0.9050772259555557,0.0,0.0,0.0,0.9036063624053596,0.0,0.0,0.0,1.4000000000000001,-7720.8679727587405,283.094240070576,1417.512397143042,282.6341765676498,-7409.680317412234,527.0416769442347,2192.6497530694633,816.5705537506391,169696.40596751546
1.4500000000000002,0.0,0.0,0.0,0.8783616815022562,0.0,0.0,0.0,0.8811963660313142,235416.2237654751,-1546.7066249871975,3843.510722029831,-936.943332354794,-4881.29427262016,-214.67108456720592,2335.784607624192,-215.3638798189501,-5128.07419798735
1.0160495113857966,0.0,0.0,0.0,0.95,0.0,0.0,0.0,1.016571887521092,-86.06377566165465,109.44016192001325,142.4081222574108,102.32587355138756,-38777.77391686629,42.91917121589001,142.48133778845315,45.92676094081888,-67.68778377742903
0.95,0.0,0.0,0.0,1.016304032265439,0.0,0.0,0.0,1.0165232459355928,-39368.851487793974,202.34772715458513,-496.3845804149498,216.47032739678883,-79.49106666162687,38.85011097351801,-531.1436472797634,38.85849082358485,-67.7442026702163
1.023536477548804,0.0,0.0,0.0,0.9272727272727272,0.0,0.0,0.0,1.0243746288330955,-184.92244158314668,163.37117651377528,205.99610840349268,148.00609428837745,-58094.65133243074,63.560268013879224,206.16479404059808,70.21615544193611,-143.14733980920855
0.8947267104465462,0.0,0.0,0.0,0.8931267170978294,0.0,0.0,0.0,1.4500000000000002,-9637.159266826053,333.8682294027667,1519.457078351244,333.27119017261884,-9268.461927933367,549.786044347242,2462.442148966001,892.5830445359759,184913.6643957276
1.5,0.0,0.0,0.0,0.8673141476220845,0.0,0.0,0.0,0.8706268019646999,254783.28559067412,-1687.4278931967497,4208.663004266487,-975.6867232411063,-5949.920354991199,-232.87955445475518,2442.783207967773,-233.76902393877828,-6313.307139277933
0.9272727272727272,0.0,0.0,0.0,1.0239146321334371,0.0,0.0,0.0,1.024308645590874,-58976.32060470791,295.4896139294102,-726.438273822196,326.2860326278079,-171.12690157261798,58.64928694438757,-802.4575537260783,58.67185582620727,-143.37532458126623
0.8795923808900518,0.0,0.0,0.0,1.4500000000000002,0.0,0.0,0.0,0.8810953205606324,-5376.11372184691,-578.4801807460663,-1229.0847918865848,-953.6192903729099,231796.73546797494,-227.56427378432332,-1231.1849013604406,-138.27987362630682,-5194.598089250923
1.0311434929182746,0.0,0.0,0.0,0.9045454545454545,0.0,0.0,0.0,1.0323511609152973,-323.58214838008587,220.15179402795667,268.521013449528,193.12278646537314,-78663.03635156374,84.82552507871009,268.83550336940135,96.81075599927748,-246.2756988518524
1.0135144844034842,0.0,0.0,0.0,1.0137765920462651,0.0,0.0,0.0,0.95,-128.44622338209243,-19.75117010287956,-296.80722226185367,-19.756278004856,-119.8475887067333,-129.72421972063736,-278.20703649313464,-121.5632810044021,-32772.04044414791
0.8818181818181818,0.0,0.0,0.0,1.0395083331572121,0.0,0.0,0.0,1.0404219476656,-102162.65374909087,482.78331720810337,-1193.9360089363076,569.1165046203764,-468.17603246587294,102.79458871389123,-1408.677268645513,102.88493395179476,-377.8425235544526
1.019789755191797,0.0,0.0,0.0,1.0201815235057063,0.0,0.0,0.0,0.9272727272727272,-269.60645228489904,-27.382169668686732,-446.119986161335,-27.39268896091086,-250.85497766984247,-194.5886067769467,-405.6472367491981,-176.86725738985737,-49268.19234606486
0.9045454545454545,0.0,0.0,0.0,1.0316498029819714,0.0,0.0,0.0,1.0322732104048993,-79850.45753688808,389.0599713604281,-959.0307193833312,443.7296553591675,-300.0213664564107,79.93317580075873,-1094.452152293707,79.98147798139227,-246.85547970648346
1.0261491510617726,0.0,0.0,0.0,1.026678338231115,0.0,0.0,0.0,0.9045454545454545,-459.63915968509684,-34.07554614936079,-605.8233402058728,-34.0931189766589,-426.32732828936855,-263.20592129956424,-534.0303094084826,-231.89514267068375,-66942.9548827727
1.0388697973173717,0.0,0.0,0.0,0.8818181818181818,0.0,0.0,0.0,1.0405043861919987,-503.910482971996,280.0083014984765,329.6889596668228,237.67791879117112,-100653.34392758828,106.62627407976171,330.2077021569276,125.81403757692543,-376.6270394683881
1.55,0.0,0.0,0.0,0.8566919319559728,0.0,0.0,0.0,0.8604719629597818,273431.0992113992,-1822.4573619886778,4563.167275556572,-1007.2803344190014,-7130.945832601712,-250.16058643607468,2533.2112922012857,-251.26438435617212,-7630.74185510591
1.0325933194727444,0.0,0.0,0.0,1.033268624758434,0.0,0.0,0.0,0.8818181818181818,-695.3267922045377,-39.74096125568702,-777.1140748798731,-39.766951430800745,-642.650167695589,-335.63759463503067,-663.6429925053136,-286.44180841171516,-85950.05523012138
1.6,0.0,0.0,0.0,0.8464768495883009,0.0,0.0,0.0,0.8507066894223995,291461.24400577205,-1951.8344103770403,4907.39017361809,-1032.6141516337393,-8433.97307166807,-266.26308326795214,2609.2185301891764,-267.5935983275243,-9088.316677727431
0.8685948312507803,0.0,0.0,0.0,1.5,0.0,0.0,0.0,0.8705622521097592,-6544.755945726421,-611.3697177035956,-1350.0414209267021,-1055.7909666982794,250866.6980434023,-240.36964890836265,-1353.0993480020802,-139.50449526166258,-6399.1608576492235
0.8846817518518878,0.0,0.0,0.0,0.8829651243946331,0.0,0.0,0.0,1.5,-11741.294982768479,387.82930029298086,1610.228002418498,387.07676027026116,-11315.205065681595,566.647453051637,2730.181784095415,962.6327881982468,199441.1946808049
0.8749315202556093,0.0,0.0,0.0,0.8731116185722304,0.0,0.0,0.0,1.55,-14033.769309256291,444.7491972699783,1690.8899697962179,443.8240965115809,-13550.932274679953,578.3377015061423,2995.5252411277133,1026.6997005515655,213392.4826373866
0.8478289141988103,0.0,0.0,0.0,1.6,0.0,0.0,0.0,0.8507313201896286,-9240.28673528683,-664.6901021209277,-1581.4652773173598,-1254.3853430600352,286986.2553176791,-263.1226898373835,-1586.879169457966,-139.90419581074693,-9217.23426156747
0.858012582357581,0.0,0.0,0.0,1.55,0.0,0.0,0.0,0.8604496875178589,-7830.010639074563,-639.9801095854424,-1467.4699560728131,-1156.1242693338825,269229.7829907132,-252.10409917320712,-1471.6381683765064,-139.95025377777694,-7737.536771557646
0.8654648600024245,0.0,0.0,0.0,0.863555904710515,0.0,0.0,0.0,1.6,-16518.92325513154,504.31701426501996,1762.3970965254152,503.2046425470272,-15980.24176456346,585.4538529711272,3258.1742884774585,1084.731352821674,226869.64526647382
1.0467135597565114,0.0,0.0,0.0,0.859090909090909,0.0,0.0,0.0,1.0488363659018924,-727.8328001346009,343.24442878309725,389.1643783820862,281.7181124817502,-124265.51908333377,128.84222791428274,389.953630156168,157.29931800037136,-533.4852895183332
0.859090909090909,0.0,0.0,0.0,1.047487814180633,0.0,0.0,0.0,1.0487594114424192,-126113.73422299493,576.3253396826672,-1430.8774144860968,702.7123252414997,-677.7340682949522,127.31612868130217,-1746.783884199937,127.47068402640612,-535.7746025525616
1.0627379957274043,0.0,0.0,0.0,0.8136363636363636,0.0,0.0,0.0,1.066038572237751,-1314.3171513964887,481.70863725056023,501.43614116845725,368.7980156167334,-177335.63508673923,173.82503893173978,502.9934660741576,227.74817425045634,-921.9244899997308
1.0546714354909688,0.0,0.0,0.0,0.8363636363636363,0.0,0.0,0.0,1.0573479977639186,-997.3122042866411,410.28074506158543,446.5619132017301,325.35620509144474,-149734.3578214396,151.3122886146254,447.69520526709675,191.29208689578772,-715.7680699236546
1.0391223576196211,0.0,0.0,0.0,1.0399534832671764,0.0,0.0,0.0,0.859090909090909,-972.3400103026953,-44.26798683770141,-961.3397279490833,-44.30339388958213,-895.0648809213793,-411.9999588957688,-794.7843820056723,-340.34735680793216,-106467.3083378184
1.0709049548848055,0.0,0.0,0.0,0.7909090909090909,0.0,0.0,0.0,1.0749052773857612,-1680.7750908999712,558.3608880843293,553.2697538145208,412.373386059822,-207393.0406309983,196.111093450973,555.3364707861468,266.52980946508256,-1149.766277807155
1.0457354882105603,0.0,0.0,0.0,1.046733195283079,0.0,0.0,0.0,0.8363636363636363,-1284.9973832427809,-47.52865363954402,-1159.9886849216377,-47.573999402806464,-1177.4158428467997,-492.5247980429885,-927.7416379182748,-393.5385186471468,-128700.25317052356
0.8363636363636363,0.0,0.0,0.0,1.0555841866891915,0.0,0.0,0.0,1.057289405113214,-151939.1218850396,669.2765833290354,-1669.527710920541,844.7016909476641,-930.9614029270226,153.5710550079711,-2110.5340829664433,153.8191377243474,-719.8000686103145
0.8136363636363636,0.0,0.0,0.0,1.0637910551490466,0.0,0.0,0.0,1.0660145627723296,-179914.6922779101,761.1296065108111,-1909.513871667096,995.1409541193871,-1230.2741937574294,181.6292553766854,-2501.8173793454616,182.0088919904597,-928.7151243469216
0.7909090909090909,0.0,0.0,0.0,1.0720987616392332,0.0,0.0,0.0,1.074935867775279,-210363.24891928257,851.2504552039968,-2150.422399189234,1153.8931204091211,-1578.2446916897052,211.57040035566607,-2922.669867277542,212.13028131302892,-1160.8214469368527
1.0524305756085215,0.0,0.0,0.0,1.0536067224957077,0.0,0.0,0.0,0.8136363636363636,-1625.996488018931,-49.3839329221803,-1374.6651765537804,-49.43912208175986,-1481.8749467759778,-577.6404575307902,-1062.7566334454277,-446.0765780245978,-152886.05249761377
1.0592034324522606,0.0,0.0,0.0,1.0605710849749441,0.0,0.0,0.0,0.7909090909090909,-1986.067432918926,-49.69616062907102,-1607.0452464332964,-49.76032873631563,-1798.5437167806117,-668.0708713403318,-1199.9835498678995,-498.20642199305956,-179297.4973741603
0.7681818181818181,0.0,0.0,0.0,1.0804931989347029,0.0,0.0,0.0,1.0840519139757379,-243661.66009495652,938.8481856333682,-2391.8012742035403,1320.5455471596522,-1977.6161830754804,243.49794661868975,-3375.290442680482,244.2999320509446,-1413.8169538222178
1.079160103522889,0.0,0.0,0.0,0.7681818181818181,0.0,0.0,0.0,1.0839426405006294,-2098.538838488245,641.3996312469665,601.4603364217215,456.56944998615126,-240285.88499978554,217.8404789873965,604.1258410953909,307.38371881854954,-1396.2315940967264
1.0660468673982304,0.0,0.0,0.0,1.0676204897108619,0.0,0.0,0.0,0.7681818181818181,-2353.5780296320427,-48.34972370882278,-1858.8123476186204,-48.4210941205938,-2115.0006184114904,-764.9510664411328,-1339.440030753477,-550.4029818674679,-208247.01399214796
1.0874860034771578,0.0,0.0,0.0,0.7454545454545454,0.0,0.0,0.0,1.0931418198070106,-2569.2644111464742,732.4184793355138,645.3077384416721,502.06134410074566,-276457.36477799574,238.6294584468316,648.6638662748662,349.92856647826846,-1657.0763480795717
0.7454545454545454,0.0,0.0,0.0,1.0889541678188748,0.0,0.0,0.0,1.0933581016120395,-280248.5775887908,1022.945802571258,-2633.1481077033895,1494.311225218394,-2431.3768875284986,277.54461702246874,-3862.0380462586454,278.66705922815424,-1684.6078770755203
1.0798942186805094,0.0,0.0,0.0,1.0819301416188185,0.0,0.0,0.0,0.7227272727272727,-3049.314690344993,-40.636197051758955,-2426.7214613914375,-40.71280841264486,-2681.255238401141,-985.4936172846693,-1624.1014657927863,-658.3078582546946,-275230.1016879854
1.0729494916445195,0.0,0.0,0.0,1.0747452292775688,0.0,0.0,0.0,0.7454545454545454,-2714.0031140130873,-45.292154444148444,-2131.5693565462157,-45.3679574776097,-2415.6900716151295,-869.9615624269705,-1480.9532770769592,-603.4144496904205,-240090.42077561532
1.0958580921276182,0.0,0.0,0.0,0.7227272727272727,0.0,0.0,0.0,1.102489821369412,-3094.3931151086813,833.5532340366507,683.9996479093552,549.7350978525986,-316423.08682876156,258.0640295704765,688.1389616571727,393.6657389299374,-1926.4898102258094
0.7227272727272727,0.0,0.0,0.0,1.0974533342387414,0.0,0.0,0.0,1.1028457260586242,-320632.4243141399,1102.3506780638238,-2873.874138643267,1673.9072576800227,-2942.7646743864875,313.86527110123234,-4385.3884177816535,315.40746380103144,-1968.9982793688016
0.7,0.0,0.0,0.0,1.1059514720689856,0.0,0.0,0.0,1.1125011862412075,-365399.01073827175,1175.6202377026373,-3113.239562785137,1857.3984749733006,-3515.2735716244497,352.6178257843,-4947.832438073632,354.7061144924823,-2261.107203446377
1.086856432989725,0.0,0.0,0.0,1.089152836079319,0.0,0.0,0.0,0.7,-3337.1867356742864,-34.952105205097666,-2745.295829434138,-35.025954997899284,-2887.5233821454194,-1114.8965321502933,-1768.1333267887705,-716.5455082636131,-314116.68831140595
1.104242178665275,0.0,0.0,0.0,0.7,0.0,0.0,0.0,1.1119682525975267,-3675.240962636711,947.5868885618451,716.5922481120999,600.6932490072533,-360779.24000453076,275.74975798318036,721.606043813043,438.03568076964353,-2196.8296948264656
1.05,0.0,0.0,0.0,0.9560313299466497,0.0,0.0,0.0,1.05,47388.8833984256,-236.24943538772067,997.2296359140166,-215.1065351551089,-3310.672222413741,110.28246964459957,997.229635914024,121.12217403303094,40726.25663434583
1.05,0.0,0.0,0.0,1.05,0.0,0.0,0.0,0.9512610921260728,50688.63663593117,-403.5251959199788,458.334471817095,-403.5251959199788,50096.0786228617,-103.05205969430074,415.23404782833734,-93.36134747680137,-2471.020568862873
0.9564354776211615,0.0,0.0,0.0,1.05,0.0,0.0,0.0,1.05,-3424.3689297981596,-76.77231934967364,137.3954127634343,-84.28266956144246,46934.274825415945,105.74172241863695,150.83629453015686,105.74172241878257,40848.27644637844
1.0727272727272728,0.0,0.0,0.0,1.0727272727272728,0.0,0.0,0.0,0.9284286442476448,71681.53928447216,-561.9507907592101,638.6434716129703,-561.9507907592073,70838.98757482065,-144.84305476903944,552.7359167440362,-125.35939412262583,-5296.691575301529
1.0727272727272728,0.0,0.0,0.0,0.934863651258657,0.0,0.0,0.0,1.0727272727272728,66582.65056756831,-337.4356940375296,1403.370836542664,-294.0694927900191,-7078.928128653088,150.04125593556284,1403.3708365426573,172.16772420195642,57125.68738438282
0.9353928477066722,0.0,0.0,0.0,1.0727272727272728,0.0,0.0,0.0,1.0727272727272728,-7310.8407880761815,-91.30298355199378,163.3541508958661,-104.70809219647663,65928.42066186045,145.41865733395326,187.33781555934405,145.41865733395335,57299.19017246559
1.0954545454545455,0.0,0.0,0.0,1.0954545454545455,0.0,0.0,0.0,0.9053772312086505,91626.58864148323,-706.5780844767024,803.5398954107254,-706.5780844767567,90545.19040845885,-184.39146218159783,664.1140234356301,-152.3968586201893,-9257.9577994864
1.0954545454545455,0.0,0.0,0.0,0.9131631203257723,0.0,0.0,0.0,1.0954545454545455,84530.8568624008,-434.6621774619696,1784.7428351002438,-362.33130065152426,-12343.880205646827,183.04885662912054,1784.742835100219,219.59023264479333,72407.54682966032
0.9137913764198939,0.0,0.0,0.0,1.0954545454545455,0.0,0.0,0.0,1.0954545454545455,-12724.391126024153,-95.76018765037986,171.1615573369702,-114.7974642157111,83679.802874739,180.14726795124884,205.18874529814005,180.14726795125637,72630.60557052774
1.1181818181818182,0.0,0.0,0.0,0.8910851933638478,0.0,0.0,0.0,1.1181818181818182,101385.68850834655,-527.7606855465797,2144.095047070014,-420.5753705553894,-19167.21045479832,209.17899719896303,2144.0950470700186,262.48910110425385,86712.05419799637
0.8917953106617285,0.0,0.0,0.0,1.1181818181818182,0.0,0.0,0.0,1.1181818181818182,-19714.757750875415,-91.99065124250912,163.97069054834174,-115.34291830489771,100341.3288999758,210.3303013561216,205.59543506647157,210.33030135662145,86984.02268152202
1.1181818181818182,0.0,0.0,0.0,1.1181818181818182,0.0,0.0,0.0,0.8822548324184029,110676.7759530859,-838.7050797176636,954.4009330728495,-838.7050797176632,109366.94527032459,-222.14021178697405,753.0303404837124,-175.27049012671083,-14412.340127107196
1.1409090909090909,0.0,0.0,0.0,0.8687954041743968,0.0,0.0,0.0,1.1409090909090909,117299.49980356572,-616.5330966008487,2483.8850649435594,-469.4862413809098,-27602.902311500362,228.33520646292646,2483.8850649435494,299.85162395709915,100179.59641830847
1.1409090909090909,0.0,0.0,0.0,1.1409090909090909,0.0,0.0,0.0,0.8592095937753105,128978.11044530568,-959.5898396983592,1092.5368122027303,-959.5898396983531,127449.53205302777,-258.38588784414986,822.7808140693279,-194.5883642271163,-20818.66010653389
0.8695791226946984,0.0,0.0,0.0,1.1409090909090909,0.0,0.0,0.0,1.1409090909090909,-28320.70052209279,-81.81671432571713,144.93349267273115,-107.3455315638897,116066.95112231653,236.41279867890879,190.1562894646218,236.4127986789049,100501.41400167206
1.1636363636363636,0.0,0.0,0.0,1.1636363636363636,0.0,0.0,0.0,0.8363844224679421,146669.5381284528,-1070.4106754867855,1219.1672896136351,-1070.4106754867976,144931.20958470777,-293.3028431865516,876.2982674662785,-210.81665782614652,-28537.92339203451
0.8473219373705703,0.0,0.0,0.0,1.1636363636363636,0.0,0.0,0.0,1.1636363636363636,-38568.60715045287,-67.00374900770544,117.1612177789617,-92.01697183396732,131010.86495142641,258.8212945098086,160.8987651595464,258.8212945098144,113324.51255811346
1.1636363636363636,0.0,0.0,0.0,0.8464660269897227,0.0,0.0,0.0,1.1636363636363636,132425.23153435855,-700.7554333397914,2806.354007366876,-509.7517455512938,-37693.45603511525,240.44244476766914,2806.354007366867,330.5360914345198,112950.97791023909
1.1863636363636365,0.0,0.0,0.0,0.8242694312098771,0.0,0.0,0.0,1.1863636363636365,146914.67133725795,-780.1683107900698,3113.5595446997345,-542.0504051809841,-49469.2312889652,245.45008699825175,3113.559544699765,353.2741197615519,125165.82752862296
1.1863636363636365,0.0,0.0,0.0,1.1863636363636365,0.0,0.0,0.0,0.8139105450350256,163881.8748638208,-1172.2376880667084,1335.3907527844747,-1172.2376880667216,161942.16720595595,-326.982922627598,916.1513233539355,-224.32822501935988,-37636.347055145256
0.825198805810911,0.0,0.0,0.0,1.1863636363636365,0.0,0.0,0.0,1.1863636363636365,-50475.27296987742,-49.22019484587478,83.62105445570725,-70.76240165223247,145324.6046432,277.9189101059184,120.21948837292523,277.91891010608447,125592.32285634399
1.2090909090909092,0.0,0.0,0.0,1.2090909090909092,0.0,0.0,0.0,0.7919024551269829,180736.71235588027,-1266.0201436645052,1442.1590345258323,-1266.0201436645202,178603.44455447356,-359.4736933008647,944.5520361932329,-235.43978218524126,-48188.73662579534
1.2090909090909092,0.0,0.0,0.0,0.8023705143878002,0.0,0.0,0.0,1.2090909090909092,160915.62677039154,-854.4676054064832,3407.385172584718,-567.0372731469141,-62949.33529283969,243.34809947363277,3407.385172584709,366.70088137872546,136960.06354128115
1.231818181818182,0.0,0.0,0.0,1.231818181818182,0.0,0.0,0.0,0.7704555543948655,197346.01024457492,-1352.5867332467672,1540.2743337424365,-1352.5867332469768,195026.53001262044,-390.8037153917242,963.3831788162788,-244.4329022301282,-60280.482710078286
1.231818181818182,0.0,0.0,0.0,0.7809199461436667,0.0,0.0,0.0,1.231818181818182,174568.9298468397,-923.3047366413871,3689.5387066016824,-585.3356411316637,-78142.72063295946,234.19246136800604,3689.5387066016897,369.41370672172746,148463.2044423018
0.803371979597937,0.0,0.0,0.0,1.2090909090909092,0.0,0.0,0.0,1.2090909090909092,-64052.501575478804,-29.993506399678715,47.02873173733732,-45.14082746296635,159153.44468935378,293.9862591184117,70.77918256266122,293.9862591184079,137437.97658086635
0.7819848300444301,0.0,0.0,0.0,1.231818181818182,0.0,0.0,0.0,1.231818181818182,-79310.40472990778,-10.671610989416086,9.780325373431744,-16.810408515607442,172633.5472556296,307.2194390831235,15.406414748997165,307.21943908312255,148986.1808371075
1.2545454545454546,0.0,0.0,0.0,1.2545454545454546,0.0,0.0,0.0,0.7496475600682166,213813.1010768363,-1432.6581116962766,1630.4297717999766,-1432.6581116962789,211314.35907763583,-420.98888320011935,974.2554132765939,-251.559868128617,-74005.19573413432
1.2545454545454546,0.0,0.0,0.0,0.7600499910796756,0.0,0.0,0.0,1.2545454545454546,188006.3125782132,-986.3058023037411,3961.5526653738,-597.5404984543974,-95047.07249729936,218.1328885911875,3961.552665373721,360.0521374655979,159796.44024558147
0.7611589470889693,0.0,0.0,0.0,1.2545454545454546,0.0,0.0,0.0,1.2545454545454546,-96258.04131214705,7.6046487773353935,-26.069255253364755,12.534014864446972,185890.3664353274,317.7358707795471,-42.96745877661373,317.73587077954926,160351.7788949052
1.2772727272727273,0.0,0.0,0.0,1.2772727272727273,0.0,0.0,0.0,0.7295466777835279,230236.80912946825,-1506.8763664269627,1713.3433422017563,-1506.8763664269634,227565.41285216634,-450.0066623563907,978.6194573141481,-257.0327060874117,-89448.91288246393
0.9409090909090909,0.0,0.0,0.0,1.0453780640466617,0.0,0.0,0.0,0.9409090909090909,-67377.65727202623,307.8849829651216,-1417.7873500164706,342.06939921278405,-4630.460481100549,-165.73131481487817,-1417.7873500164455,-149.169095967059,-58367.021375639226
0.95,0.0,0.0,0.0,0.95,0.0,0.0,0.0,1.0453351042022738,-58547.921876789056,490.6221196911353,-559.7752811139322,490.62211969114605,-57888.490496715465,126.56780170875903,-615.9502650664161,139.2692275661868,-2410.916132411574
0.95,0.0,0.0,0.0,1.0389913714134873,0.0,0.0,0.0,0.95,-56069.968920594794,257.8710787262157,-1178.8687124906041,282.02718498276175,-3300.2366225696223,-138.19110745678685,-1178.868712490609,-126.354804954107,-48542.80707680742
1.2772727272727273,0.0,0.0,0.0,0.7398730579789676,0.0,0.0,0.0,1.2772727272727273,201349.39373841987,-1043.1091978293016,4224.790788170628,-604.231481284235,-113644.57404448558,195.43556357416364,4224.7907881706005,337.3883027641667,171071.6831210311
1.038368476353772,0.0,0.0,0.0,0.95,0.0,0.0,0.0,0.95,-3419.1639287589496,157.49286844930538,-282.04827462505324,144.08972193784555,-55550.52904221467,-127.86526430228862,-258.0450649221287,-127.86526430229011,-48665.357399645494
0.9409090909090909,0.0,0.0,0.0,0.9409090909090909,0.0,0.0,0.0,1.0530618988943141,-70223.5986808601,590.3719378072363,-674.5879926380478,590.3719378072325,-69435.9539114913,153.1213155232487,-754.996332124253,171.3727976953777,-3373.090201168726
1.0446164776306628,0.0,0.0,0.0,0.9409090909090909,0.0,0.0,0.0,0.9409090909090909,-4797.512836046595,197.07788390894845,-353.1945949048004,177.51239479549736,-66749.73124910229,-152.5246858345135,-318.13015812237694,-152.52468583451403,-58509.868366342824
0.9318181818181818,0.0,0.0,0.0,0.9318181818181818,0.0,0.0,0.0,1.0605946617857949,-82257.84633448003,693.6274112848137,-793.9524222664434,693.6274112848082,-81339.16404430219,181.00739414754474,-903.6759715555619,206.02246202371572,-4501.848057235615
0.7409939145972538,0.0,0.0,0.0,1.2772727272727273,0.0,0.0,0.0,1.2772727272727273,-114901.14342450335,23.915269156190874,-58.793989610378155,41.22344388643754,199038.23147538118,325.5840189655603,-101.34490712748948,325.5840189655712,171639.4038712835
0.9318181818181818,0.0,0.0,0.0,1.0515066394319847,0.0,0.0,0.0,0.9318181818181818,-79068.82190372834,359.14246202322147,-1665.5831453250053,405.27292844029085,-6198.798240693041,-193.8514622103165,-1665.5831453250153,-171.78618782396563,-68533.23657588365
1.3,0.0,0.0,0.0,1.3,0.0,0.0,0.0,0.7102156325013529,246713.5027179996,-1575.8262010071467,1789.8395532495174,-1575.8262010071428,243875.75110715147,-477.77731780311734,977.8246387592845,-261.019169198726,-106675.41688389805
0.9227272727272727,0.0,0.0,0.0,0.9227272727272727,0.0,0.0,0.0,1.0679171799389058,-94668.87850004181,800.5063960473099,-918.1283223994127,800.5063960472085,-93616.1891081984,210.34125578752054,-1062.5945909031868,243.43817219315193,-5800.91161890835
1.0505984289691797,0.0,0.0,0.0,0.9318181818181818,0.0,0.0,0.0,0.9318181818181818,-6422.478078447152,240.57895368388867,-431.5883553259522,213.37919134850642,-78326.33755681403,-177.30280740676497,-382.7931448063887,-177.30280740696907,-68695.30957803597
1.3,0.0,0.0,0.0,0.7204828836719985,0.0,0.0,0.0,1.3,214709.85596776105,-1093.4188852427542,4480.462735566981,-605.9919934623969,-133893.41000302788,166.49523899686852,4480.462735567025,300.41492393658035,182391.67682432604
0.7215683811366266,0.0,0.0,0.0,1.3,0.0,0.0,0.0,1.3,-135238.49095407917,37.56458634753083,-86.97145518941065,67.67752513610091,212180.47456617764,330.7547431579541,-156.69047411437458,330.7547431579601,182943.6401571748
0.9227272727272727,0.0,0.0,0.0,1.0573571113949831,0.0,0.0,0.0,0.9227272727272727,-91161.67572369966,411.7982305193008,-1922.8858418049829,471.88134605853287,-8013.54780649598,-222.47274431891103,-1922.885841804987,-194.14601406587784,-79056.52801998382
1.0562944556460032,0.0,0.0,0.0,0.9227272727272727,0.0,0.0,0.0,0.9227272727272727,-8302.438955056314,288.25026165024815,-517.776646269653,251.801357447052,-90297.67461847085,-202.0369782884087,-452.30440256555175,-202.03697828840748,-79236.50140220426
0.9136363636363636,0.0,0.0,0.0,0.9136363636363636,0.0,0.0,0.0,1.075012314634966,-107475.62928174001,911.134478844717,-1047.3963422536278,911.1344788447244,-106285.7892838062,241.24831230453063,-1232.398370993932,283.8600967895527,-7274.6327630818805
0.9136363636363636,0.0,0.0,0.0,1.062907866072034,0.0,0.0,0.0,0.9136363636363636,-103675.25488922796,466.0301559935416,-2190.377295434684,542.1709756176875,-10084.424965033812,-251.5110457567594,-2190.377295434643,-216.18961021462246,-89952.39844070986
1.061683076650348,0.0,0.0,0.0,0.9136363636363636,0.0,0.0,0.0,0.9136363636363636,-10447.22582704396,340.3639572137898,-612.3569187635669,292.9018037687923,-102681.82917275773,-226.54833520766428,-526.9666257390717,-226.54833520766573,-90148.67862795372
0.9045454545454545,0.0,0.0,0.0,0.9045454545454545,0.0,0.0,0.0,1.0818619006909054,-120697.77038472112,1025.6460313287464,-1182.0598913748415,1025.646031328734,-119367.42882943529,273.86456870897405,-1413.7770019041272,327.5497558984178,-8928.047264915804
1.0667412119798583,0.0,0.0,0.0,0.9045454545454545,0.0,0.0,0.0,0.9045454545454545,-12868.108460665879,397.2095561290009,-715.9798332846376,336.8146786337608,-115497.5923241884,-250.6427791295521,-607.1166056685562,-250.64277912998753,-101447.38514777452
0.9045454545454545,0.0,0.0,0.0,1.0681356904411714,0.0,0.0,0.0,0.9045454545454545,-116629.33307918867,522.0403707470044,-2468.791437699981,616.4532130961045,-12422.519983910495,-280.8782729098667,-2468.7914376999734,-237.86038357753924,-101236.65238658518
0.8954545454545454,0.0,0.0,0.0,0.8954545454545454,0.0,0.0,0.0,1.0884470637099097,-134355.57516577718,1144.183995819702,-1322.442642693664,1144.1839958196902,-132881.13567601758,308.33770989556524,-1607.4616167524255,374.7920837193437,-10766.639930805182
0.8954545454545454,0.0,0.0,0.0,1.0730158269462775,0.0,0.0,0.0,0.8954545454545454,-130044.31541547683,580.0560769299001,-2758.9148278302478,695.0764326582319,-15040.247372168526,-310.4849104722576,-2758.9148278302273,-259.10626609177496,-112925.24215366766
0.8863636363636364,0.0,0.0,0.0,1.0775220973920852,0.0,0.0,0.0,0.8863636363636364,-143941.09927222604,640.3294456279572,-3061.5887544413886,778.4267076948081,-17951.2539129746,-340.2432864367001,-3061.5887544413804,-279.8822199046011,-125034.06837840292
1.0714443149980364,0.0,0.0,0.0,0.8954545454545454,0.0,0.0,0.0,0.8954545454545454,-15577.690016325347,459.09187241086295,-829.350240412151,383.68387248599424,-128764.34851640546,-274.1120669025823,-693.1255615950921,-274.11206690258575,-113148.30825206403
1.0,0.05,0.0,0.0,1.0,0.0,0.0,0.0,1.0,-484.2934582941296,13858.8619084874,33.102920709432084,13879.268918148879,-408.14019322871457,127.19386259878732,26.743227579466108,127.19386259878229,-104.27860072075454
0.8863636363636364,0.0,0.0,0.0,0.8863636363636364,0.0,0.0,0.0,1.0947484107923833,-148469.82885470742,1266.8998767268954,-1468.8877192876478,1266.8998767269063,-146847.40751689437,344.82783108139097,-1814.2243548254667,425.89712008273943,-12796.218108953579
0.8772727272727272,0.0,0.0,0.0,0.8772727272727272,0.0,0.0,0.0,1.2993637413084917,-94707.82378651424,878.1645181726407,231.76791342976964,878.1645181726343,-93093.97142524047,570.2247803281545,343.280731005432,844.5827402584914,101796.06282799951
1.0,0.0,0.0,0.05,1.0,0.0,0.0,0.0,1.0,-470.2724304175752,13877.17861717978,38.72795868197839,13853.664995658944,-405.36351864491536,129.24477239486924,38.72795868196024,127.30837446077784,-103.44376939018927
0.8772727272727272,0.0,0.0,0.0,1.0816273036400064,0.0,0.0,0.0,0.8772727272727272,-158340.8167607191,703.1348333688534,-3377.7103366310153,866.9251992780534,-21170.107143752575,-370.07039253189055,-3377.710336631002,-300.1520592599553,-137578.65940827283
1.0757663673088398,0.0,0.0,0.0,0.8863636363636364,0.0,0.0,0.0,0.8863636363636364,-18589.94413367732,526.3289707033355,-953.2304948139158,433.6618754527438,-142502.01685413087,-296.73506932093676,-785.4018059605344,-296.73506932093284,-125267.14272415012
0.8681818181818182,0.0,0.0,0.0,1.0853034601989764,0.0,0.0,0.0,0.8681818181818182,-173264.64003436847,768.765609994384,-3708.2341322209245,961.0244756751509,-24712.156760494814,-399.8903104926001,-3708.2341322209254,-319.88979079925605,-150573.88843101505
1.0,0.0,0.0,0.0,1.0,0.05,0.0,0.0,1.0,21.771327967203664,129.7188487502716,-1.1941718326209922,129.65914015864067,-195.97862368619317,11986.286355657056,-1.194171832620977,11990.00561750221,-74.38523690365888
0.8590909090909091,0.0,0.0,0.0,0.8590909090909091,0.0,0.0,0.0,1.111757249762052,-193763.05528838577,1661.7351640118343,-1948.2421755569856,1661.7351640118238,-191669.83166353623,468.2056070485064,-2521.237671179308,605.909074938582,-20087.833897249682
1.0,0.0,0.0,0.0,1.0,0.0,0.0,0.05,1.0,90.58308918650408,126.74775127350811,-8.096916736406735,126.74775127350873,-35.01376231234587,11984.105695496479,-1.759529172731474,11982.355007380918,-16.881498876100068
0.8681818181818182,0.0,0.0,0.0,0.8681818181818182,0.0,0.0,0.0,1.1064218366070897,-178152.42373506364,1525.5089579767548,-1781.4167172199893,1525.508957976761,-176221.01069123155,424.56657293450417,-2270.2598865256473,541.0729844261637,-17451.688144162432
1.2993637413084917,0.0,0.0,0.0,0.8772727272727272,0.0,0.0,0.0,0.8772727272727272,142584.02204519432,-772.4280300946759,2068.8488426885733,-521.5091225345831,-69675.15890860019,-287.3549550929769,1396.794914957979,-287.35495509298244,-62837.680498043585
1.0,0.0,0.05,0.0,1.0,0.0,0.0,0.0,1.0,560.3751393708424,32.33637351700154,11949.094845572365,32.345566388044055,292.6412424135652,-0.18385742086421192,11931.074498691252,-0.18385742086417906,360.4069376229786
0.8590909090909091,0.0,0.0,0.0,1.0885227029723739,0.0,0.0,0.0,0.8590909090909091,-188733.3170450702,837.5260748780138,-4054.1683260890763,1061.198689438796,-28592.841617924772,-429.63794203515175,-4054.1683260890795,-339.0816279670107,-164033.450052232
1.083158371466703,0.0,0.0,0.0,0.8681818181818182,0.0,0.0,0.0,0.8681818181818182,-25583.358973883154,678.1672838086123,-1235.8352195557925,543.5701011026869,-171471.0447176472,-338.50627445649883,-990.556594631879,-338.506274456495,-150819.5195853122
1.0,0.09090909090909091,0.0,0.0,1.0,0.0,0.0,0.0,1.0,-1123.5753044801327,25220.359760880772,61.707197299671975,25309.736075932076,-983.1394655669088,229.6783887792886,40.82734377428136,229.67838877929043,-149.1941338793396
1.0,0.0,0.0,0.0,1.0,0.0,0.05,0.0,1.0,736.9280718410494,27.635774530962205,11933.207717237043,27.63577453096259,361.70581582955083,-3.11279563097561,11970.054120828996,-1.7310069044275023,416.5346995830861
1.0,0.0,0.0,0.09090909090909091,1.0,0.0,0.0,0.0,1.0,-1077.314800951744,25302.19663698409,80.23361353344279,25204.25892780666,-973.2790686779052,237.40278135937766,80.23361353344282,230.1088164926989,-146.80608533791985
0.85,0.0,0.0,0.0,0.85,0.0,0.0,0.0,1.1167380401857034,-209913.83568037048,1802.7960615261413,-2122.583310059458,1802.7960615261613,-207653.3242454761,514.64419290433,-2788.670030360795,676.1444086787521,-22933.906769472822
0.85,0.0,0.0,0.0,1.384083044982699,0.0,0.0,0.0,0.85,-92107.80527563019,-269.9604287907979,-2521.0600240057365,-439.58547330068603,171583.4302057381,-397.1457611427121,-2521.060024005759,-243.89714056175126,-81967.53135438195
1.0861727933016647,0.0,0.0,0.0,0.8590909090909091,0.0,0.0,0.0,0.8590909090909091,-29596.514078598233,763.4066523569256,-1396.3329990515508,603.8042188350104,-186742.77725552814,-357.1729489937663,-1104.4071375627536,-357.1729489937726,-164281.62169747223
1.0,0.0,0.09090909090909091,0.0,1.0,0.0,0.0,0.0,1.0,728.1135367938869,59.32773419284891,21744.396960409504,59.15270408269108,561.7798634388851,1.9253312117349013,21710.884030219724,1.9253312117350296,368.6422320861842
1.0,0.0,0.0,0.0,1.0,0.09090909090909091,0.0,0.0,1.0,67.42665906539155,238.47972194412384,-1.4916271372801695,238.3441194770999,-648.5679093416907,21814.557966564073,-1.4916271372801537,21853.51939774035,-428.57574294253885
1.0,0.0,0.0,0.0,1.0,0.0,0.09090909090909091,0.0,1.0,1307.0056568967211,43.77269249904173,21710.161168838935,43.772692499042144,788.9424925560114,-7.6419997173382335,21828.979864920402,-3.662664035607199,552.5595891040826
1.0,0.0,0.0,0.0,1.0,0.0,0.0,0.09090909090909091,1.0,295.6844141158319,228.4728402742605,-24.072283861172423,228.4728402742625,-116.41758352463471,21826.319225934443,-3.3020256544214224,21815.735809250345,-238.618496886322
1.0,0.13181818181818183,0.0,0.0,1.0,0.0,0.0,0.0,1.0,-1984.5562622728141,36617.60076747651,91.42178745646187,36852.108857633655,-1779.0268908460002,330.37456434170684,47.87241306596423,330.3745643417064,-156.74243477406088
1.0,0.0,0.0,0.13181818181818183,1.0,0.0,0.0,0.0,1.0,-1887.716773180742,36834.94219397495,130.1935390412982,36586.10680114659,-1756.9661441223006,348.5525320637665,130.19353904129684,331.39065646286434,-152.488804955473
